Green blouse,Orange Pants,Black Pants,Gray Pants,Shorts,Undershirt,Tshirt,Hairband,Headband,Scarf,Earings,Clip,Blue blouse
Green blouse,Orange Pants
Green blouse,Black Pants
Earings,Clip,Blue blouse
Hairband
Headband,Scarf,Earings
Gray Pants,Shorts,Undershirt
Green blouse,Orange Pants,Black Pants,Gray Pants,Shorts,Undershirt,Tshirt,Hairband,Headband,Scarf,Earings,Clip,Blue blouse
Green blouse,Black Pants,Gray Pants,Shorts,Tshirt,Hairband,Headband,Scarf,Earings,Clip,Blue blouse
Green blouse,Gray Pants,Shorts
Orange Pants,Black Pants,Gray Pants,Shorts,Undershirt
Earings,Blue blouse
Green blouse,Blue blouse
Orange Pants,Earings,Blue blouse
Green blouse,Black Pants
Shorts,Undershirt,Blue blouse
Green blouse,Headband
Black Pants,Gray Pants
Orange Pants,Black Pants,Gray Pants
Gray Pants,Blue blouse
Black Pants,Blue blouse