Tissue,Towels,Plates,Cutlery,Mop,Broom,Kleenex,Bag,Detergent,Foil,Scrubber,Oxiclean,Handwash,Lotion,Shampoo,Conditioner,Soap,Disinfecting wipes,Diapers,Fabric softener
Tissue,Towels,Plates,Cutlery,Mop,Broom,Kleenex
Shampoo,Conditioner,Soap,Disinfecting wipes,Diapers,Fabric softener
Kleenex,Bag,Detergent,Foil,Scrubber,Disinfecting wipes,Diapers,Fabric softener
Tissue,Towels,Cutlery,Broom,Kleenex,Bag,Detergent,Foil,Oxiclean,Handwash,Lotion,Shampoo,Conditioner,Soap,Disinfecting wipes,Diapers,Fabric softener
Tissue,Towels,Plates,Cutlery,Kleenex,Bag,Detergent,Foil,Scrubber,Oxiclean,Handwash,Lotion,Shampoo,Conditioner,Soap,Disinfecting wipes,Diapers
Mop,Broom
Tissue,Towels,Mop,Broom,Kleenex,Bag
Tissue,Towels,Mop,Detergent,Foil,Scrubber,Oxiclean,Handwash,Lotion,Soap,Disinfecting wipes,Diapers,Fabric softener
Tissue,Towels,Plates,Cutlery,Mop,Broom,Kleenex,Bag,Detergent,Foil,Scrubber,Oxiclean
Tissue,Towels,Plates,Cutlery,Mop,Broom,Handwash,Lotion,Shampoo,Conditioner,Soap
Fabric softener
Disinfecting wipes,Diapers,Fabric softener
Towels,Plates,Cutlery,Mop
Mop,Broom,Kleenex,Bag,Detergent,Foil,Scrubber,Oxiclean,Handwash,Lotion,Shampoo,Conditioner,Soap,Disinfecting wipes,Diapers,Fabric softener
Tissue,Disinfecting wipes,Diapers,Fabric softener
Towels,Plates,Cutlery,Shampoo,Conditioner,Soap,Disinfecting wipes,Diapers,Fabric softener
Bag,Detergent,Foil,Scrubber,Oxiclean,Handwash,Lotion,Shampoo,Conditioner,Soap,Disinfecting wipes,Diapers,Fabric softener
Tissue,Towels,Plates,Cutlery,Mop,Broom,Kleenex,Bag,Detergent,Foil
Scrubber,Oxiclean,Handwash,Lotion,Shampoo,Conditioner,Soap,Disinfecting wipes,Diapers,Fabric softener
Plates,Cutlery,Mop,Broom,Kleenex,Bag,Detergent,Fabric softener