Tickets,Chips,Popcorn,MMs,Swedish fish,Soda,Jujubees,Snowcaps,Sour patch kids,Water,Twizzlers
Tickets,Chips,Popcorn
Tickets,Chips,Popcorn,Soda
Tickets,MMs,Popcorn,Soda
Tickets,Jujubees,Popcorn,Soda
Tickets,Snowcaps,Popcorn,Soda
Tickets,Sour patch kids,Popcorn,Soda
Tickets,Snowcaps,Popcorn,Soda
Tickets,Twizzlers,Popcorn,Soda
Tickets,Swedish fish,Popcorn,Soda
Tickets,Snowcaps,Popcorn,Water
Tickets,Snowcaps,Popcorn,Soda
Tickets,Water
Tickets,Popcorn
Tickets
Tickets,MMs
Tickets,Twizzlers
Tickets,Jujubees
Popcorn,Soda
Popcorn,Water
Tickets,Popcorn,Water